{
  "$schema": "https://melvoridle.com/assets/schema/gameData.json",
  "namespace": "ntmyk",
  "modifications": {
    "items": [
      {
        "id": "melvorD:Bronze_2H_Sword",
        "specialAttacks": {
          "add": [
            "ntmyk:WideSlash",
            "ntmyk:Whirlwind",
            "ntmyk:TrueStrike",
            "ntmyk:Counterattack",
            "ntmyk:PommelBash"
          ]
        },
        "modifiers": {
          "add": {
            "meleeCritChance": 10,
            "critMultiplier": 100
          }
        }
      },
      {
        "id": "melvorD:Iron_2H_Sword",
        "specialAttacks": {
          "add": [
            "ntmyk:WideSlash",
            "ntmyk:Whirlwind",
            "ntmyk:TrueStrike",
            "ntmyk:Counterattack",
            "ntmyk:PommelBash"
          ]
        },
        "modifiers": {
          "add": {
            "meleeCritChance": 10,
            "critMultiplier": 100
          }
        }
      },
      {
        "id": "melvorD:Steel_2H_Sword",
        "specialAttacks": {
          "add": [
            "ntmyk:WideSlash",
            "ntmyk:Whirlwind",
            "ntmyk:TrueStrike",
            "ntmyk:Counterattack",
            "ntmyk:PommelBash"
          ]
        },
        "modifiers": {
          "add": {
            "meleeCritChance": 10,
            "critMultiplier": 100
          }
        }
      },
      {
        "id": "melvorD:Black_2H_Sword",
        "specialAttacks": {
          "add": [
            "ntmyk:WideSlash",
            "ntmyk:Whirlwind",
            "ntmyk:TrueStrike",
            "ntmyk:Counterattack",
            "ntmyk:PommelBash"
          ]
        },
        "modifiers": {
          "add": {
            "meleeCritChance": 10,
            "critMultiplier": 100
          }
        }
      },
      {
        "id": "melvorD:Mithril_2H_Sword",
        "specialAttacks": {
          "add": [
            "ntmyk:WideSlash",
            "ntmyk:Whirlwind",
            "ntmyk:TrueStrike",
            "ntmyk:Counterattack",
            "ntmyk:PommelBash"
          ]
        },
        "modifiers": {
          "add": {
            "meleeCritChance": 10,
            "critMultiplier": 100
          }
        }
      },
      {
        "id": "melvorD:Adamant_2H_Sword",
        "specialAttacks": {
          "add": [
            "ntmyk:WideSlash",
            "ntmyk:Whirlwind",
            "ntmyk:TrueStrike",
            "ntmyk:Counterattack",
            "ntmyk:PommelBash"
          ]
        },
        "modifiers": {
          "add": {
            "meleeCritChance": 10,
            "critMultiplier": 100
          }
        }
      },
      {
        "id": "melvorD:Rune_2H_Sword",
        "specialAttacks": {
          "add": [
            "ntmyk:WideSlash",
            "ntmyk:Whirlwind",
            "ntmyk:TrueStrike",
            "ntmyk:Counterattack",
            "ntmyk:PommelBash"
          ]
        },
        "modifiers": {
          "add": {
            "meleeCritChance": 10,
            "critMultiplier": 100
          }
        }
      },
      {
        "id": "ntmyk:Silver_2H_Sword",
        "specialAttacks": {
          "add": [
            "ntmyk:WideSlash",
            "ntmyk:Whirlwind",
            "ntmyk:TrueStrike",
            "ntmyk:Counterattack",
            "ntmyk:PommelBash"
          ]
        },
        "modifiers": {
          "add": {
            "meleeCritChance": 10,
            "critMultiplier": 100
          }
        }
      },
      {
        "id": "melvorD:Dragon_2H_Sword",
        "specialAttacks": {
          "add": [
            "ntmyk:WideSlash",
            "ntmyk:Whirlwind",
            "ntmyk:TrueStrike",
            "ntmyk:Counterattack",
            "ntmyk:PommelBash"
          ]
        },
        "modifiers": {
          "add": {
            "meleeCritChance": 10,
            "critMultiplier": 100
          }
        }
      },
      {
        "id": "melvorF:Knights_Defender",
        "equipmentStats": {
          "add": [
            {
              "key": "meleeStrengthBonus",
              "value": 13
            },
            {
              "key": "stabAttackBonus",
              "value": 48
            },
            {
              "key": "slashAttackBonus",
              "value": 46
            },
            {
              "key": "blockAttackBonus",
              "value": 44
            },
            {
              "key": "meleeDefenceBonus",
              "value": 48
            }
          ]
        },
        "specialAttacks": {
          "add": [
            "ntmyk:DisruptingStab",
            "ntmyk:CripplingStrike"
          ]
        }
      },
      {
        "id": "melvorD:Bronze_Dagger",
        "equipmentStats": {
          "add": [
            {
              "key": "stabAttackBonus",
              "value": 7
            },
            {
              "key": "meleeStrengthBonus",
              "value": -2
            }
          ]
        },
        "modifiers": {
          "add": {
            "critChance": 25
          }
        },
        "enemyModifiers": {
          "add": {
            "flatResistanceAgainstMelee": [
              {
                "damageTypeID": "melvorD:Normal",
                "value": -10
              }
            ]
          }
        },
        "specialAttacks": {}
      },
      {
        "id": "melvorD:Iron_Dagger",
        "equipmentStats": {
          "add": [
            {
              "key": "stabAttackBonus",
              "value": 8
            },
            {
              "key": "meleeStrengthBonus",
              "value": -2
            }
          ]
        },
        "modifiers": {
          "add": {
            "critChance": 25
          }
        },
        "enemyModifiers": {
          "add": {
            "flatResistanceAgainstMelee": [
              {
                "damageTypeID": "melvorD:Normal",
                "value": -10
              }
            ]
          }
        },
        "specialAttacks": {}
      },
      {
        "id": "melvorD:Steel_Dagger",
        "equipmentStats": {
          "add": [
            {
              "key": "stabAttackBonus",
              "value": 13
            },
            {
              "key": "meleeStrengthBonus",
              "value": -4
            }
          ]
        },
        "modifiers": {
          "add": {
            "critChance": 25
          }
        },
        "enemyModifiers": {
          "add": {
            "flatResistanceAgainstMelee": [
              {
                "damageTypeID": "melvorD:Normal",
                "value": -10
              }
            ]
          }
        },
        "specialAttacks": {}
      },
      {
        "id": "melvorD:Black_Dagger",
        "equipmentStats": {
          "add": [
            {
              "key": "stabAttackBonus",
              "value": 15
            },
            {
              "key": "meleeStrengthBonus",
              "value": -3
            }
          ]
        },
        "modifiers": {
          "add": {
            "critChance": 25
          }
        },
        "enemyModifiers": {
          "add": {
            "flatResistanceAgainstMelee": [
              {
                "damageTypeID": "melvorD:Normal",
                "value": -10
              }
            ]
          }
        },
        "specialAttacks": {}
      },
      {
        "id": "melvorD:Mithril_Dagger",
        "equipmentStats": {
          "add": [
            {
              "key": "stabAttackBonus",
              "value": 18
            },
            {
              "key": "meleeStrengthBonus",
              "value": -5
            }
          ]
        },
        "modifiers": {
          "add": {
            "critChance": 25
          }
        },
        "enemyModifiers": {
          "add": {
            "flatResistanceAgainstMelee": [
              {
                "damageTypeID": "melvorD:Normal",
                "value": -10
              }
            ]
          }
        },
        "specialAttacks": {}
      },
      {
        "id": "melvorD:Adamant_Dagger",
        "equipmentStats": {
          "add": [
            {
              "key": "stabAttackBonus",
              "value": 22
            },
            {
              "key": "meleeStrengthBonus",
              "value": -7
            }
          ]
        },
        "modifiers": {
          "add": {
            "critChance": 25
          }
        },
        "enemyModifiers": {
          "add": {
            "flatResistanceAgainstMelee": [
              {
                "damageTypeID": "melvorD:Normal",
                "value": -10
              }
            ]
          }
        },
        "specialAttacks": {}
      },
      {
        "id": "melvorD:Rune_Dagger",
        "equipmentStats": {
          "add": [
            {
              "key": "stabAttackBonus",
              "value": 35
            },
            {
              "key": "meleeStrengthBonus",
              "value": -12
            }
          ]
        },
        "modifiers": {
          "add": {
            "critChance": 25
          }
        },
        "enemyModifiers": {
          "add": {
            "flatResistanceAgainstMelee": [
              {
                "damageTypeID": "melvorD:Normal",
                "value": -10
              }
            ]
          }
        },
        "specialAttacks": {}
      },
      {
        "id": "melvorD:Dragon_Dagger",
        "equipmentStats": {
          "add": [
            {
              "key": "stabAttackBonus",
              "value": 50
            },
            {
              "key": "meleeStrengthBonus",
              "value": -20
            }
          ]
        },
        "modifiers": {
          "add": {
            "critChance": 25
          }
        },
        "enemyModifiers": {
          "add": {
            "flatResistanceAgainstMelee": [
              {
                "damageTypeID": "melvorD:Normal",
                "value": -10
              }
            ]
          }
        },
        "specialAttacks": {}
      },
      {
        "id": "melvorD:Bronze_Sword",
        "equipmentStats": {
          "remove": [
            "attackSpeed"
          ],
          "add": [
            {
              "key": "attackSpeed",
              "value": 2300
            }
          ]
        }
      },
      {
        "id": "melvorD:Iron_Sword",
        "equipmentStats": {
          "remove": [
            "attackSpeed"
          ],
          "add": [
            {
              "key": "attackSpeed",
              "value": 2300
            }
          ]
        }
      },
      {
        "id": "melvorD:Steel_Sword",
        "equipmentStats": {
          "remove": [
            "attackSpeed"
          ],
          "add": [
            {
              "key": "attackSpeed",
              "value": 2300
            }
          ]
        }
      },
      {
        "id": "melvorD:Black_Sword",
        "equipmentStats": {
          "remove": [
            "attackSpeed"
          ],
          "add": [
            {
              "key": "attackSpeed",
              "value": 2300
            }
          ]
        }
      },
      {
        "id": "melvorD:Mithril_Sword",
        "equipmentStats": {
          "remove": [
            "attackSpeed"
          ],
          "add": [
            {
              "key": "attackSpeed",
              "value": 2300
            }
          ]
        }
      },
      {
        "id": "melvorD:Adamant_Sword",
        "equipmentStats": {
          "remove": [
            "attackSpeed"
          ],
          "add": [
            {
              "key": "attackSpeed",
              "value": 2300
            }
          ]
        }
      },
      {
        "id": "melvorD:Rune_Sword",
        "equipmentStats": {
          "remove": [
            "attackSpeed"
          ],
          "add": [
            {
              "key": "attackSpeed",
              "value": 2300
            }
          ]
        }
      },
      {
        "id": "melvorD:Dragon_Sword",
        "equipmentStats": {
          "remove": [
            "attackSpeed"
          ],
          "add": [
            {
              "key": "attackSpeed",
              "value": 2300
            }
          ]
        }
      },
      {
        "id": "melvorD:Ice_Sword",
        "equipmentStats": {
          "remove": [
            "attackSpeed"
          ],
          "add": [
            {
              "key": "attackSpeed",
              "value": 2300
            }
          ]
        }
      },
      {
        "id": "melvorD:Emerald",
        "sellsFor": 885
      },
      {
        "id": "melvorD:Diamond",
        "sellsFor": 1500
      },
      {
        "id": "melvorF:Chest_Of_Gems",
        "dropTable": {
          "remove": [
            "melvorD:Topaz",
            "melvorD:Sapphire",
            "melvorD:Emerald",
            "melvorD:Ruby",
            "melvorD:Diamond"
          ],
          "add": [
            {
              "itemID": "ntmyk:Amber",
              "weight": 1000,
              "minQuantity": 1,
              "maxQuantity": 200
            },
            {
              "itemID": "ntmyk:Garnet",
              "weight": 909,
              "minQuantity": 1,
              "maxQuantity": 200
            },
            {
              "itemID": "ntmyk:Malachite",
              "weight": 826,
              "minQuantity": 1,
              "maxQuantity": 200
            },
            {
              "itemID": "melvorD:Topaz",
              "weight": 751,
              "minQuantity": 1,
              "maxQuantity": 200
            },
            {
              "itemID": "ntmyk:Turquoise",
              "weight": 626,
              "minQuantity": 1,
              "maxQuantity": 200
            },
            {
              "itemID": "ntmyk:Amethyst",
              "weight": 522,
              "minQuantity": 1,
              "maxQuantity": 200
            },
            {
              "itemID": "ntmyk:Carnelian",
              "weight": 435,
              "minQuantity": 1,
              "maxQuantity": 200
            },
            {
              "itemID": "melvorD:Sapphire",
              "weight": 362,
              "minQuantity": 1,
              "maxQuantity": 200
            },
            {
              "itemID": "ntmyk:Lapis",
              "weight": 279,
              "minQuantity": 1,
              "maxQuantity": 200
            },
            {
              "itemID": "ntmyk:Peridot",
              "weight": 215,
              "minQuantity": 1,
              "maxQuantity": 200
            },
            {
              "itemID": "ntmyk:Spinel",
              "weight": 165,
              "minQuantity": 1,
              "maxQuantity": 200
            },
            {
              "itemID": "melvorD:Ruby",
              "weight": 127,
              "minQuantity": 1,
              "maxQuantity": 200
            },
            {
              "itemID": "ntmyk:Sunstone",
              "weight": 91,
              "minQuantity": 1,
              "maxQuantity": 200
            },
            {
              "itemID": "ntmyk:Opal",
              "weight": 65,
              "minQuantity": 1,
              "maxQuantity": 200
            },
            {
              "itemID": "ntmyk:Coral",
              "weight": 47,
              "minQuantity": 1,
              "maxQuantity": 200
            },
            {
              "itemID": "melvorD:Emerald",
              "weight": 34,
              "minQuantity": 1,
              "maxQuantity": 200
            },
            {
              "itemID": "ntmyk:Chrysocola",
              "weight": 23,
              "minQuantity": 1,
              "maxQuantity": 200
            },
            {
              "itemID": "ntmyk:Quartz",
              "weight": 15,
              "minQuantity": 1,
              "maxQuantity": 200
            },
            {
              "itemID": "ntmyk:Dragonstone",
              "weight": 10,
              "minQuantity": 1,
              "maxQuantity": 200
            },
            {
              "itemID": "melvorD:Diamond",
              "weight": 7,
              "minQuantity": 1,
              "maxQuantity": 200
            },
            {
              "itemID": "melvorF:Jadestone",
              "weight": 4,
              "minQuantity": 1,
              "maxQuantity": 200
            },
            {
              "itemID": "ntmyk:Moonstone",
              "weight": 2,
              "minQuantity": 1,
              "maxQuantity": 200
            },
            {
              "itemID": "ntmyk:Arkoreefstone",
              "weight": 1,
              "minQuantity": 1,
              "maxQuantity": 200
            },
            {
              "itemID": "ntmyk:Black_Diamond",
              "weight": 1,
              "minQuantity": 1,
              "maxQuantity": 200
            }
          ]
        }
      }
    ],
    "monsters": [
      {
        "id": "melvorF:Shaman",
        "lootTable": {
          "add": [
            {
              "itemID": "ntmyk:Staff_Spiritcaller",
              "minQuantity": 1,
              "maxQuantity": 200,
              "weight": 5
            }
          ]
        }
      },
      {
        "id": "melvorF:UndeadWerewolf",
        "passives": {
          "add": [
            "ntmyk:CreatureTypeMonstrous",
            "ntmyk:CreatureTypeUndead",
            "ntmyk:CreatureSubtypeLycanthrope"
          ]
        }
      }
    ]
  }
}